{
  "mean": [
    115959.67,
    14.500201,
    0.34545135,
    9.6690979,
    5.3164849
  ],
  "stdvar": [
    76947.508,
    5.8544974,
    0.10041176,
    9.0026245,
    2.424556
  ]
}